timestamp,frame,px,py,pvx,pvy,a_attack,a_dash,a_idle,aim
0.020,0,0.0000,0.0000,0.0000,0.0000,0,0,1,0.8961
0.068,1,0.0000,0.0000,0.0000,0.0000,0,0,1,0.7988
0.101,2,0.0000,0.0000,0.0000,0.0000,0,0,1,0.7915
0.137,3,0.0000,-0.0097,0.0000,-2.4000,0,0,0,0.7915
0.167,4,0.0000,-0.0805,0.0000,-2.4000,0,0,0,0.7841
0.203,5,0.0000,-0.1684,0.0000,-2.4000,0,0,0,0.8092
0.233,6,0.0000,-0.2387,0.0000,-2.4000,0,0,0,0.8780
0.269,7,0.0000,-0.3258,0.0000,-2.4000,0,0,0,0.9330
0.302,8,0.0000,-0.4039,0.0000,-2.4000,0,0,0,1.0499
0.333,9,0.0000,-0.4801,0.0000,-2.4000,0,0,0,1.1993
0.367,10,0.0000,-0.5597,0.0000,-2.4000,0,0,0,1.3134
0.402,11,0.0000,-0.6444,0.0000,-2.4000,0,0,0,1.3741
0.433,12,0.0000,-0.7192,0.0000,-2.4000,0,0,0,1.3784
0.467,13,0.0000,-0.8016,0.0000,-2.4000,0,0,0,1.3803
0.502,14,0.0000,-0.8850,0.0000,-2.4000,0,0,0,1.4297
0.534,15,0.0000,-0.9606,0.0000,-2.4000,0,0,0,1.5708
0.566,16,0.0000,-1.0378,0.0000,-2.4000,0,0,0,1.6833
0.604,17,0.0000,-1.1292,0.0000,-2.4000,0,0,0,1.8530
0.635,18,-0.0035,-1.2035,-1.6971,-1.6971,0,0,0,2.1213
0.671,19,-0.0647,-1.2647,-1.6971,-1.6971,0,0,0,2.2937
0.702,20,-0.1174,-1.3174,-1.6971,-1.6971,0,0,0,2.3903
0.733,21,-0.1694,-1.3694,-1.6971,-1.6971,0,0,0,2.4745
0.768,22,-0.2284,-1.4284,-1.6971,-1.6971,0,0,0,2.5730
0.800,23,-0.2822,-1.4822,-1.6971,-1.6971,0,0,0,2.7465
0.836,24,-0.3440,-1.5440,-1.6971,-1.6971,0,0,0,2.8583
0.868,25,-0.3982,-1.5982,-1.6971,-1.6971,0,0,0,2.9271
0.902,26,-0.4560,-1.6560,-1.6971,-1.6971,0,0,0,2.9591
0.933,27,-0.5092,-1.7092,-1.6971,-1.6971,0,0,0,2.9579
0.968,28,-0.5687,-1.7687,-1.6971,-1.6971,0,0,0,2.9609
1.000,29,-0.6218,-1.8218,-1.6971,-1.6971,0,0,0,2.9580
1.035,30,-0.6812,-1.8812,-1.6971,-1.6971,0,0,0,2.9620
1.066,31,-0.7341,-1.9341,-1.6971,-1.6971,0,0,0,2.9564
1.102,32,-0.7955,-1.9955,-1.6971,-1.6971,0,0,0,2.9367
1.136,33,-0.8531,-2.0531,-1.6971,-1.6971,1,0,0,2.9098
1.176,34,-0.9206,-2.1206,-1.6971,-1.6971,0,0,0,2.9123
1.203,35,-0.9617,-2.1686,0.0000,-2.4000,0,0,0,2.8836
1.235,36,-0.9617,-2.2467,0.0000,-2.4000,0,0,0,2.8271
1.266,37,-0.9617,-2.3205,0.0000,-2.4000,0,0,0,2.7987
1.300,38,-0.9617,-2.4025,0.0000,-2.4000,0,0,0,2.7804
1.333,39,-0.9617,-2.4810,0.0000,-2.4000,0,0,0,2.7547
1.365,40,-0.9617,-2.5569,0.0000,-2.4000,0,0,0,2.6883
1.400,41,-0.9617,-2.6428,0.0000,-2.4000,0,0,0,2.6518
1.434,42,-0.9617,-2.7241,0.0000,-2.4000,0,0,0,2.5973
1.469,43,-0.9617,-2.8063,0.0000,-2.4000,0,0,0,2.5626
1.502,44,-0.9617,-2.8855,0.0000,-2.4000,0,0,0,2.5140
1.533,45,-0.9617,-2.9613,0.0000,-2.4000,0,0,0,2.4505
1.570,46,-1.0243,-3.0243,-1.6971,-1.6971,0,0,0,2.4223
1.601,47,-1.0762,-3.0762,-1.6971,-1.6971,0,0,0,2.4102
1.638,48,-1.1390,-3.1390,-1.6971,-1.6971,1,0,0,2.3986
1.669,49,-1.1916,-3.1916,-1.6971,-1.6971,0,0,0,2.2817
1.702,50,-1.2481,-3.2481,-1.6971,-1.6971,0,0,0,2.2141
1.734,51,-1.3028,-3.3028,-1.6971,-1.6971,0,0,0,2.1921
1.766,52,-1.3559,-3.3559,-1.6971,-1.6971,0,0,0,2.1871
1.801,53,-1.4154,-3.4154,-1.6971,-1.6971,0,0,0,2.1829
1.836,54,-1.4750,-3.4750,-1.6971,-1.6971,0,0,0,2.1556
1.869,55,-1.5320,-3.5320,-1.6971,-1.6971,0,0,0,2.1286
1.901,56,-1.5853,-3.5853,-1.6971,-1.6971,0,0,0,2.1080
1.934,57,-1.6415,-3.6415,-1.6971,-1.6971,0,0,0,1.9855
1.974,58,-1.7090,-3.7090,-1.6971,-1.6971,0,0,0,1.6585
2.009,59,-1.7686,-3.7686,-1.6971,-1.6971,0,0,0,1.1238
2.036,60,-1.8144,-3.8144,-1.6971,-1.6971,0,0,0,0.6202
2.066,61,-1.8664,-3.8664,-1.6971,-1.6971,0,0,0,0.4600
2.101,62,-1.9502,-3.8668,-2.4000,0.0000,0,0,0,0.4429
2.135,63,-2.0297,-3.8668,-2.4000,0.0000,0,0,0,0.4255
2.168,64,-2.1090,-3.8668,-2.4000,0.0000,0,0,0,0.4032
2.201,65,-2.1884,-3.8668,-2.4000,0.0000,0,0,0,0.3902
2.233,66,-2.2664,-3.8668,-2.4000,0.0000,0,0,0,0.3790
2.267,67,-2.3242,-3.8093,-1.6971,1.6971,0,0,0,0.3695
2.302,68,-2.3828,-3.7508,-1.6971,1.6971,0,0,0,0.3623
2.333,69,-2.4363,-3.6972,-1.6971,1.6971,0,0,0,0.3605
2.365,70,-2.4906,-3.6429,-1.6971,1.6971,0,0,0,0.3557
2.401,71,-2.5514,-3.5822,-1.6971,1.6971,0,0,0,0.3605
2.433,72,-2.6053,-3.5282,-1.6971,1.6971,0,0,0,0.3485
2.467,73,-2.6628,-3.4707,-1.6971,1.6971,0,0,0,0.3382
2.500,74,-2.7191,-3.4144,-1.6971,1.6971,0,0,0,0.3260
2.535,75,-2.7789,-3.3546,-1.6971,1.6971,0,0,0,0.3170
2.569,76,-2.8363,-3.2972,-1.6971,1.6971,0,0,0,0.2319
2.600,77,-2.8885,-3.2450,-1.6971,1.6971,0,0,0,0.1993
2.633,78,-2.9445,-3.1891,-1.6971,1.6971,0,0,0,0.1951
2.667,79,-3.0028,-3.1308,-1.6971,1.6971,0,0,0,0.1711
2.700,80,-3.0592,-3.0743,-1.6971,1.6971,0,0,0,0.1227
2.735,81,-3.1189,-3.0147,-1.6971,1.6971,0,0,0,0.1036
2.767,82,-3.1732,-2.9604,-1.6971,1.6971,0,0,0,0.1000
2.800,83,-3.2285,-2.9050,-1.6971,1.6971,0,0,0,0.0991
2.834,84,-3.2864,-2.8471,-1.6971,1.6971,0,0,0,0.0961
2.869,85,-3.3458,-2.7877,-1.6971,1.6971,0,0,0,0.0929
2.903,86,-3.4039,-2.7296,-1.6971,1.6971,0,0,0,0.0903
2.935,87,-3.4580,-2.6756,-1.6971,1.6971,0,0,0,0.0278
2.966,88,-3.5096,-2.6239,-1.6971,1.6971,0,0,0,-0.0148
2.999,89,-3.5667,-2.5669,-1.6971,1.6971,0,0,0,-0.0154
3.033,90,-3.6242,-2.5093,-1.6971,1.6971,0,0,0,-0.0188
3.066,91,-3.6800,-2.4535,-1.6971,1.6971,0,0,0,-0.0199
3.101,92,-3.7386,-2.3949,-1.6971,1.6971,0,0,0,-0.0196
3.133,93,-3.7930,-2.3406,-1.6971,1.6971,0,0,0,-0.0208
3.168,94,-3.8825,-2.2801,-1.6971,1.6971,0,0,0,-0.0198
3.201,95,-3.9372,-2.2233,0.0000,2.4000,0,0,0,-0.0224
3.236,96,-3.9372,-1.6575,0.0000,0.0000,0,1,1,-0.0610
3.269,97,-3.9372,-1.6530,0.0000,2.4000,0,1,0,-0.3920
3.302,98,-3.9372,-0.4848,0.0000,2.4000,0,1,0,-0.4776
3.336,99,-3.9372,0.5630,0.0000,2.4000,0,1,0,-0.8704
3.367,100,-3.9375,0.7769,-1.6971,1.6971,0,1,0,-1.0317
3.401,101,-3.9386,0.7781,-1.6971,1.6971,0,0,0,-1.0270
3.434,102,-3.9947,0.8342,-1.6971,1.6971,0,0,0,-0.9911
3.471,103,-4.0575,0.8969,-1.6971,1.6971,0,0,0,-0.9409
3.502,104,-4.1114,0.9464,-2.4000,0.0000,0,0,0,-0.8860
3.537,105,-4.1951,0.9464,-2.4000,0.0000,0,0,0,-0.8373
3.566,106,-4.2652,0.9464,-2.4000,0.0000,0,0,0,-0.7589
3.601,107,-4.3486,0.9464,-2.4000,0.0000,0,0,0,-0.7038
3.637,108,-4.4353,0.9464,-2.4000,0.0000,0,0,0,-0.6702
3.669,109,-4.5134,0.9464,-2.4000,0.0000,0,0,0,-0.8178
3.701,110,-4.5903,0.9464,-2.4000,0.0000,0,0,0,-1.0359
3.737,111,-4.6751,0.9464,-2.4000,0.0000,0,0,0,-1.1950
3.770,112,-4.7522,0.9516,-1.6971,1.6971,0,0,0,-1.2252
3.800,113,-4.8032,1.0026,-1.6971,1.6971,0,0,0,-1.2170
3.834,114,-4.8035,1.0848,0.0000,2.4000,0,0,0,-1.2207
3.869,115,-4.8035,1.1683,0.0000,2.4000,0,0,0,-1.2315
3.900,116,-4.8035,1.2441,0.0000,2.4000,1,0,0,-1.2303
3.934,117,-4.8035,1.3256,0.0000,2.4000,0,0,0,-1.2028
3.967,118,-4.8035,1.4045,0.0000,2.4000,0,0,0,-1.1690
4.000,119,-4.8027,1.4838,1.6971,1.6971,0,0,0,-1.1717
4.035,120,-4.7436,1.5429,1.6971,1.6971,0,0,0,-1.1806
4.069,121,-4.6859,1.6006,1.6971,1.6971,0,0,0,-1.2164
4.101,122,-4.6326,1.6539,1.6971,1.6971,0,0,0,-1.2445
4.133,123,-4.5778,1.7086,1.6971,1.6971,0,0,0,-1.2774
4.166,124,-4.5212,1.7652,1.6971,1.6971,0,0,0,-1.2907
4.200,125,-4.4640,1.8225,1.6971,1.6971,0,0,0,-1.3111
4.234,126,-4.4063,1.8802,1.6971,1.6971,0,0,0,-1.3413
4.268,127,-4.3486,1.9378,1.6971,1.6971,1,0,0,-1.3643
4.301,128,-4.2919,1.9945,1.6971,1.6971,0,0,0,-1.3921
4.332,129,-4.2393,2.0472,1.6971,1.6971,0,0,0,-1.4201
4.370,130,-4.1759,2.1105,1.6971,1.6971,0,0,0,-1.4651
4.401,131,-4.1225,2.1640,1.6971,1.6971,0,0,0,-1.4821
4.433,132,-4.0682,2.2183,1.6971,1.6971,0,0,0,-1.4837
4.467,133,-4.0108,2.2757,1.6971,1.6971,0,0,0,-1.4876
4.503,134,-3.9501,2.3364,1.6971,1.6971,0,0,0,-1.4917
4.535,135,-3.8962,2.3903,1.6971,1.6971,0,0,0,-1.4956
4.567,136,-3.8415,2.4450,1.6971,1.6971,0,0,0,-1.4451
4.601,137,-3.7828,2.5037,1.6971,1.6971,0,0,0,-1.4474
4.636,138,-3.7237,2.5628,1.6971,1.6971,0,0,0,-1.4504
4.667,139,-3.6720,2.6145,1.6971,1.6971,0,0,0,-1.4521
4.701,140,-3.6146,2.6718,1.6971,1.6971,0,0,0,-1.4597
4.733,141,-3.5599,2.7266,1.6971,1.6971,0,0,0,-1.4627
4.766,142,-3.5041,2.7823,1.6971,1.6971,0,0,0,-1.4262
4.801,143,-3.4440,2.8424,1.6971,1.6971,0,0,0,-1.3930
4.833,144,-3.3897,2.8968,1.6971,1.6971,0,0,0,-1.3829
4.866,145,-3.3342,2.9522,1.6971,1.6971,0,0,0,-1.3739
4.902,146,-3.2726,3.0139,1.6971,1.6971,0,0,0,-1.3790
4.933,147,-3.2208,3.0657,1.6971,1.6971,0,0,0,-1.3834
4.967,148,-3.1632,3.1232,1.6971,1.6971,0,0,0,-1.3891
5.001,149,-3.1042,3.1822,1.6971,1.6971,0,0,0,-1.4026
5.035,150,-3.0468,3.2397,1.6971,1.6971,0,0,0,-1.4800
5.069,151,-2.9890,3.2974,1.6971,1.6971,0,0,0,-1.5302
5.099,152,-2.9378,3.3487,1.6971,1.6971,0,0,0,-1.5515
5.133,153,-2.8804,3.4061,1.6971,1.6971,0,0,0,-1.5497
5.167,154,-2.7990,3.4063,2.4000,0.0000,0,0,0,-1.5518
5.201,155,-2.7167,3.4063,2.4000,0.0000,0,0,0,-1.5708
5.236,156,-2.6345,3.4063,2.4000,0.0000,0,0,0,-1.5774
5.266,157,-2.5620,3.4063,2.4000,0.0000,0,0,0,-1.5830
5.299,158,-2.4816,3.4063,2.4000,0.0000,0,0,0,-1.5849
5.335,159,-2.3967,3.4063,2.4000,0.0000,0,0,0,-1.5913
5.366,160,-2.3214,3.4063,2.4000,0.0000,0,0,0,-1.5964
5.401,161,-2.2370,3.4063,2.4000,0.0000,0,0,0,-1.6063
5.436,162,-2.1547,3.4063,2.4000,0.0000,0,0,0,-1.6249
5.466,163,-2.0812,3.4063,2.4000,0.0000,0,0,0,-1.6365
5.502,164,-1.9947,3.4063,2.4000,0.0000,0,0,0,-1.6359
5.535,165,-1.9157,3.4063,2.4000,0.0000,0,0,0,-1.6420
5.569,166,-1.8338,3.4063,2.4000,0.0000,0,0,0,-1.6640
5.601,167,-1.7586,3.4063,2.4000,0.0000,0,0,0,-1.7810
5.633,168,-1.6814,3.4063,2.4000,0.0000,0,0,0,-1.8898
5.667,169,-1.5989,3.4063,2.4000,0.0000,0,0,0,-1.9396
5.701,170,-1.5170,3.4063,2.4000,0.0000,0,0,0,-1.9426
5.734,171,-1.4376,3.4063,2.4000,0.0000,0,0,0,-1.9436
5.767,172,-1.3587,3.4063,2.4000,0.0000,0,0,0,-1.9438
5.804,173,-1.2711,3.4063,2.4000,0.0000,0,0,0,-1.9696
5.837,174,-1.1917,3.4063,2.4000,0.0000,0,0,0,-2.0408
5.866,175,-1.1209,3.4063,2.4000,0.0000,0,0,0,-2.1259
5.899,176,-1.0646,3.4618,1.6971,1.6971,0,0,0,-2.1297
5.936,177,-1.0022,3.5243,1.6971,1.6971,1,0,0,-2.1276
5.968,178,-0.9484,3.5781,1.6971,1.6971,0,0,0,-2.1142
6.000,179,-0.8941,3.6324,1.6971,1.6971,0,0,0,-2.1070
6.035,180,-0.8345,3.6919,1.6971,1.6971,0,0,0,-2.1026
6.069,181,-0.7762,3.7502,1.6971,1.6971,0,0,0,-2.1144
6.100,182,-0.7243,3.8022,1.6971,1.6971,0,0,0,-2.1339
6.134,183,-0.6670,3.8594,1.6971,1.6971,0,0,0,-2.1260
6.166,184,-0.6128,3.9136,1.6971,1.6971,0,0,0,-2.1213
6.199,185,-0.5556,3.9708,1.6971,1.6971,0,0,0,-2.1158
6.234,186,-0.4962,4.0302,1.6971,1.6971,0,0,0,-2.1121
6.265,187,-0.4436,4.0828,1.6971,1.6971,0,0,0,-2.1340
6.300,188,-0.3494,4.1410,1.6971,1.6971,0,0,0,-2.1468
6.338,189,-0.2582,4.1417,2.4000,0.0000,0,0,0,-2.1616
6.368,190,-0.1854,4.1417,2.4000,0.0000,0,0,0,-2.2006
6.404,191,-0.0977,4.1417,2.4000,0.0000,0,0,0,-2.2158
6.434,192,-0.0277,4.1417,2.4000,0.0000,0,0,0,-2.2306
6.471,193,0.0619,4.1417,2.4000,0.0000,0,0,0,-2.2520
6.501,194,0.1329,4.1417,2.4000,0.0000,0,0,0,-2.2957
6.536,195,0.2181,4.1417,2.4000,0.0000,0,0,0,-2.3398
6.569,196,0.7840,4.1417,0.0000,0.0000,0,1,1,-2.3612
6.604,197,0.7924,4.1417,2.4000,0.0000,0,1,0,-2.6051
6.633,198,2.0244,4.1417,2.4000,0.0000,0,1,0,-2.6439
6.668,199,2.9579,4.1417,2.4000,0.0000,0,1,0,-2.8475
6.704,200,3.2272,4.1417,2.4000,0.0000,0,1,0,-2.9058
6.733,201,3.2183,4.1417,2.4000,0.0000,0,0,0,-2.8997
6.770,202,3.3060,4.1417,2.4000,0.0000,0,0,0,-2.8983
6.801,203,3.3797,4.1417,2.4000,0.0000,0,0,0,-2.9543
6.837,204,3.4673,4.1417,2.4000,0.0000,0,0,0,-3.0185
6.869,205,3.5420,4.1378,1.6971,-1.6971,0,0,0,-3.0745
6.901,206,3.5961,4.0837,1.6971,-1.6971,0,0,0,-3.0910
6.934,207,3.6516,4.0282,1.6971,-1.6971,0,0,0,-3.1026
6.969,208,3.7113,3.9685,1.6971,-1.6971,0,0,0,-3.1124
7.000,209,3.7642,3.9156,1.6971,-1.6971,0,0,0,-3.1221
7.035,210,3.7644,3.8323,0.0000,-2.4000,0,0,0,-3.1289
7.071,211,3.7644,3.7460,0.0000,-2.4000,0,0,0,3.1409
7.102,212,3.7644,3.6717,0.0000,-2.4000,0,0,0,3.1224
7.132,213,3.7644,3.5995,0.0000,-2.4000,0,0,0,3.1171
7.166,214,3.7644,3.5171,0.0000,-2.4000,0,0,0,3.1119
7.202,215,3.7644,3.4309,0.0000,-2.4000,0,0,0,3.1038
7.236,216,3.7644,3.3493,0.0000,-2.4000,0,0,0,3.0941
7.269,217,3.7644,3.2704,0.0000,-2.4000,0,0,0,3.0803
7.299,218,3.7644,3.1983,0.0000,-2.4000,0,0,0,3.0720
7.333,219,3.7644,3.1152,0.0000,-2.4000,1,0,0,3.0576
7.368,220,3.7644,3.0323,0.0000,-2.4000,0,0,0,3.0502
7.399,221,3.7644,2.9573,0.0000,-2.4000,0,0,0,3.0460
7.434,222,3.7644,2.8731,0.0000,-2.4000,0,0,0,3.0454
7.468,223,3.7644,2.7929,0.0000,-2.4000,0,0,0,3.0336
7.503,224,3.7644,2.7072,0.0000,-2.4000,0,0,0,3.0209
7.535,225,3.7644,2.6316,0.0000,-2.4000,0,0,0,2.9895
7.569,226,3.7644,2.5508,0.0000,-2.4000,0,0,0,2.9547
7.602,227,3.7644,2.4711,0.0000,-2.4000,0,0,0,2.9429
7.636,228,3.7644,2.3899,0.0000,-2.4000,0,0,0,2.9303
7.668,229,3.7644,2.3115,0.0000,-2.4000,0,0,0,2.9200
7.702,230,3.7644,2.2300,0.0000,-2.4000,0,0,0,2.9129
7.734,231,3.7644,2.1531,0.0000,-2.4000,0,0,0,2.9172
7.766,232,3.7644,2.0760,0.0000,-2.4000,0,0,0,2.9176
7.802,233,3.7644,1.9898,0.0000,-2.4000,0,0,0,2.9167
7.838,234,3.7644,1.9036,0.0000,-2.4000,0,0,0,2.9136
7.866,235,3.7644,1.8359,0.0000,-2.4000,0,0,0,2.9131
7.902,236,3.7644,1.7509,0.0000,-2.4000,0,0,0,2.9177
7.939,237,3.7644,1.6626,0.0000,-2.4000,0,0,0,2.9125
7.969,238,3.7644,1.5887,0.0000,-2.4000,0,0,0,2.9113
8.001,239,3.7644,1.5128,0.0000,-2.4000,0,0,0,2.9149
8.038,240,3.7644,1.4231,0.0000,-2.4000,0,0,0,2.9141
8.076,241,3.7644,1.3319,0.0000,-2.4000,0,0,0,2.9100
8.102,242,3.7644,1.2714,0.0000,-2.4000,0,0,0,2.9096
8.133,243,3.7644,1.1952,0.0000,-2.4000,0,0,0,2.9179
8.169,244,3.7644,1.1098,0.0000,-2.4000,0,0,0,2.9132
8.205,245,3.7644,1.0227,0.0000,-2.4000,0,0,0,2.9106
8.234,246,3.7644,0.9528,0.0000,-2.4000,0,0,0,2.9001
8.274,247,3.7644,0.8580,0.0000,-2.4000,0,0,0,2.8839
8.302,248,3.7644,0.7911,0.0000,-2.4000,0,0,0,2.8769
8.334,249,3.7644,0.7134,0.0000,-2.4000,0,0,0,2.8846
8.368,250,3.7644,0.6328,0.0000,-2.4000,0,0,0,2.8707
8.401,251,3.7644,0.5530,0.0000,-2.4000,0,0,0,2.8422
8.435,252,3.7644,0.4718,0.0000,-2.4000,0,0,0,2.7872
8.466,253,3.7644,0.3970,0.0000,-2.4000,0,0,0,2.7868
8.504,254,3.7644,0.3060,0.0000,-2.4000,0,0,0,2.7885
8.540,255,3.7644,0.2201,0.0000,-2.4000,0,0,0,2.7840
8.569,256,3.7644,0.1486,0.0000,-2.4000,0,0,0,2.6865
8.603,257,3.7644,0.0686,0.0000,-2.4000,0,0,0,2.5808
8.633,258,3.7644,-0.0026,0.0000,-2.4000,0,0,0,2.5785
8.668,259,3.7644,-0.0873,0.0000,-2.4000,0,0,0,2.5807
8.707,260,3.7644,-0.1812,0.0000,-2.4000,0,0,0,2.5772
8.734,261,3.7644,-0.2459,0.0000,-2.4000,0,0,0,2.5063
8.766,262,3.7644,-0.3233,0.0000,-2.4000,0,0,0,2.4478
8.801,263,3.7644,-0.4070,0.0000,-2.4000,0,0,0,2.4366
8.834,264,3.7644,-0.4864,0.0000,-2.4000,0,0,0,2.4350
8.868,265,3.7615,-0.5675,-1.6971,-1.6971,0,0,0,2.4361
8.903,266,3.7027,-0.6263,-1.6971,-1.6971,0,0,0,2.4044
8.934,267,3.6501,-0.6789,-1.6971,-1.6971,0,0,0,2.3211
8.966,268,3.5955,-0.7335,-1.6971,-1.6971,1,0,0,2.2676
9.001,269,3.5370,-0.7920,-1.6971,-1.6971,0,0,0,2.2602
9.032,270,3.4837,-0.8454,-1.6971,-1.6971,0,0,0,2.1815
9.067,271,3.4236,-0.9054,-1.6971,-1.6971,0,0,0,2.0476
9.099,272,3.3695,-0.9595,-1.6971,-1.6971,0,0,0,1.9865
9.134,273,3.3103,-1.0187,-1.6971,-1.6971,0,0,0,1.9734
9.166,274,3.2560,-1.0730,-1.6971,-1.6971,0,0,0,1.9660
9.199,275,3.2000,-1.1290,-1.6971,-1.6971,0,0,0,1.9637
9.235,276,3.1401,-1.1890,-1.6971,-1.6971,0,0,0,1.9591
9.267,277,3.0856,-1.2435,-1.6971,-1.6971,0,0,0,1.9405
9.299,278,3.0305,-1.2985,-1.6971,-1.6971,0,0,0,1.9022
9.335,279,2.9699,-1.3591,-1.6971,-1.6971,0,0,0,1.8994
9.368,280,2.9136,-1.4154,-1.6971,-1.6971,0,0,0,1.8945
9.400,281,2.8591,-1.4700,-1.6971,-1.6971,0,0,0,1.8763
9.431,282,2.8060,-1.5230,-1.6971,-1.6971,0,0,0,1.8753
9.468,283,2.7439,-1.5852,-1.6971,-1.6971,1,0,0,1.8502
9.504,284,2.6820,-1.6470,-1.6971,-1.6971,0,0,0,1.7165
9.535,285,2.6300,-1.6990,-1.6971,-1.6971,0,0,0,1.4849
9.572,286,2.5680,-1.7611,-1.6971,-1.6971,0,0,0,1.4066
9.603,287,2.5144,-1.8146,-1.6971,-1.6971,0,0,0,1.4028
9.632,288,2.4648,-1.8642,-1.6971,-1.6971,0,0,0,1.4234
9.667,289,2.4058,-1.9232,-1.6971,-1.6971,0,0,0,1.4376
9.701,290,2.3485,-1.9805,-1.6971,-1.6971,0,0,0,1.4341
9.736,291,2.2893,-2.0398,-1.6971,-1.6971,0,0,0,1.4342
9.771,292,2.2303,-2.0987,-1.6971,-1.6971,0,0,0,1.4212
9.801,293,2.1784,-2.1506,-1.6971,-1.6971,0,0,0,1.2844
9.842,294,2.1100,-2.2190,-1.6971,-1.6971,0,0,0,0.7331
9.874,295,2.0554,-2.2736,-1.6971,-1.6971,0,0,0,0.1986
9.902,296,2.0079,-2.3211,-1.6971,-1.6971,0,0,0,0.0039
9.933,297,1.9542,-2.3748,-1.6971,-1.6971,0,0,0,-0.0777
9.965,298,1.8997,-2.4293,-1.6971,-1.6971,0,0,0,-0.1067
10.002,299,1.8376,-2.4914,-1.6971,-1.6971,0,0,0,-0.1293
10.035,300,1.7817,-2.5473,-1.6971,-1.6971,0,0,0,-0.1771
10.069,301,1.7320,-2.6052,1.6971,-1.6971,0,0,0,-0.2155
10.102,302,1.7871,-2.6602,1.6971,-1.6971,0,0,0,-0.2325
10.135,303,1.8433,-2.7165,1.6971,-1.6971,0,0,0,-0.2360
10.165,304,1.8953,-2.7685,1.6971,-1.6971,0,0,0,-0.2422
10.200,305,1.9785,-2.7708,2.4000,0.0000,0,0,0,-0.2498
10.234,306,2.0581,-2.7708,2.4000,0.0000,0,0,0,-0.2588
10.267,307,2.1374,-2.7708,2.4000,0.0000,0,0,0,-0.2736
10.302,308,2.2227,-2.7708,2.4000,0.0000,0,0,0,-0.2850
10.333,309,2.2973,-2.7708,2.4000,0.0000,0,0,0,-0.2957
10.369,310,2.3830,-2.7708,2.4000,0.0000,0,0,0,-0.3015
10.399,311,2.4557,-2.7708,2.4000,0.0000,0,0,0,-0.3066
10.434,312,2.5399,-2.7708,2.4000,0.0000,0,0,0,-0.3108
10.466,313,2.6170,-2.7708,2.4000,0.0000,0,0,0,-0.3109
10.501,314,2.6754,-2.8286,1.6971,-1.6971,0,0,0,-0.2921
10.535,315,2.7336,-2.8867,1.6971,-1.6971,0,0,0,-0.2866
10.567,316,2.7874,-2.9405,1.6971,-1.6971,0,0,0,-0.2817
10.602,317,2.8479,-3.0010,1.6971,-1.6971,0,0,0,-0.2780
10.636,318,2.8964,-3.0577,-1.6971,-1.6971,0,0,0,-0.2740
10.668,319,2.8413,-3.1128,-1.6971,-1.6971,0,0,0,-0.2709
10.703,320,2.7822,-3.1719,-1.6971,-1.6971,0,0,0,-0.2646
10.736,321,2.7266,-3.2275,-1.6971,-1.6971,0,0,0,-0.2586
10.767,322,2.6732,-3.2809,-1.6971,-1.6971,0,0,0,-0.2334
10.800,323,2.6181,-3.3360,-1.6971,-1.6971,0,0,0,-0.2194
10.834,324,2.5598,-3.3943,-1.6971,-1.6971,0,0,0,-0.2113
10.869,325,2.5013,-3.4528,-1.6971,-1.6971,0,0,0,-0.2083
10.903,326,2.4431,-3.5110,-1.6971,-1.6971,0,0,0,-0.2061
10.933,327,2.3922,-3.5619,-1.6971,-1.6971,0,0,0,-0.2043
10.965,328,2.3372,-3.6169,-1.6971,-1.6971,0,0,0,-0.2037
11.001,329,2.2761,-3.6780,-1.6971,-1.6971,0,0,0,-0.1966
11.033,330,2.2229,-3.7312,-1.6971,-1.6971,0,0,0,-0.1822
11.067,331,2.1651,-3.7890,-1.6971,-1.6971,0,0,0,-0.1786
11.103,332,2.1033,-3.8508,-1.6971,-1.6971,0,0,0,-0.1681
11.137,333,2.0463,-3.9078,-1.6971,-1.6971,0,0,0,-0.1456
11.167,334,1.9948,-3.9593,-1.6971,-1.6971,0,0,0,-0.1252
11.201,335,1.9367,-4.0174,-1.6971,-1.6971,0,0,0,-0.1202
11.233,336,1.8828,-4.0713,-1.6971,-1.6971,1,0,0,-0.1183
11.266,337,1.8268,-4.1273,-1.6971,-1.6971,0,0,0,-0.1186
11.298,338,1.7724,-4.1817,-1.6971,-1.6971,0,0,0,-0.1180
11.335,339,1.7093,-4.2448,-1.6971,-1.6971,0,0,0,-0.1180
11.369,340,1.6519,-4.3022,-1.6971,-1.6971,0,0,0,-0.1166
11.402,341,1.5958,-4.3583,-1.6971,-1.6971,0,0,0,-0.1136
11.435,342,1.5403,-4.4138,-1.6971,-1.6971,0,0,0,-0.1002
11.466,343,1.4873,-4.4668,-1.6971,-1.6971,0,0,0,-0.0833
11.499,344,1.4308,-4.5233,-1.6971,-1.6971,0,0,0,-0.0623
11.533,345,1.3737,-4.5804,-1.6971,-1.6971,0,0,0,-0.0566
11.566,346,1.3181,-4.6360,-1.6971,-1.6971,0,0,0,-0.0564
11.601,347,1.2585,-4.6956,-1.6971,-1.6971,0,0,0,-0.0566
11.635,348,1.2007,-4.7534,-1.6971,-1.6971,0,0,0,-0.0523
11.670,349,1.1418,-4.8123,-1.6971,-1.6971,0,0,0,-0.0484
11.705,350,1.0903,-4.8752,0.0000,-2.4000,0,0,0,-0.0455
11.738,351,1.1023,-4.9438,2.4000,0.0000,0,0,0,-0.0321
11.768,352,1.1726,-4.9438,2.4000,0.0000,0,0,0,-0.0034
11.801,353,1.2529,-4.9438,2.4000,0.0000,0,0,0,0.0142
11.836,354,1.3355,-4.9438,2.4000,0.0000,0,0,0,0.0414
11.870,355,1.4184,-4.9438,2.4000,0.0000,0,0,0,0.0598
11.902,356,1.4946,-4.9438,2.4000,0.0000,0,0,0,0.0604
11.934,357,1.5718,-4.9438,2.4000,0.0000,0,0,0,0.0605
11.968,358,1.6539,-4.9438,2.4000,0.0000,0,0,0,0.0606
12.003,359,1.7368,-4.9438,2.4000,0.0000,0,0,0,0.0755
12.035,360,1.8137,-4.9438,2.4000,0.0000,0,0,0,0.2428
12.069,361,1.8903,-4.9438,0.0000,0.0000,0,0,1,2.8339
12.103,362,1.8903,-4.9438,0.0000,0.0000,0,0,1,2.9788
12.135,363,1.8865,-4.9438,-2.4000,0.0000,0,0,0,3.0042
12.168,364,1.8083,-4.9438,-2.4000,0.0000,0,0,0,3.0109
12.201,365,1.7269,-4.9438,-2.4000,0.0000,0,0,0,3.0113
12.234,366,1.6480,-4.9438,-2.4000,0.0000,0,0,0,3.0119
12.266,367,1.5720,-4.9438,-2.4000,0.0000,0,0,0,3.0112
12.299,368,1.4935,-4.9438,-2.4000,0.0000,0,0,0,3.0107
12.333,369,1.4114,-4.9438,-2.4000,0.0000,0,0,0,3.0102
12.367,370,1.3306,-4.9438,-2.4000,0.0000,0,0,0,3.0097
12.404,371,1.2414,-4.9438,-2.4000,0.0000,0,0,0,3.0093
12.433,372,1.1711,-4.9438,-2.4000,0.0000,0,0,0,3.0411
12.466,373,1.0925,-4.9438,-2.4000,0.0000,0,0,0,3.0561
12.499,374,1.0119,-4.9438,-2.4000,0.0000,0,0,0,3.0664
12.534,375,0.9286,-4.9438,-2.4000,0.0000,0,0,0,3.0775
12.570,376,0.8424,-4.9438,-2.4000,0.0000,0,0,0,3.0955
12.601,377,0.7681,-4.9438,-2.4000,0.0000,0,0,0,3.1188
12.632,378,0.6927,-4.9438,-2.4000,0.0000,0,0,0,-3.1403
12.666,379,0.6125,-4.9438,-2.4000,0.0000,0,0,0,-3.1229
12.700,380,0.5314,-4.9438,-2.4000,0.0000,0,0,0,-3.1158
12.734,381,0.4476,-4.9438,-2.4000,0.0000,0,0,0,-3.1032
12.770,382,0.3633,-4.9438,-2.4000,0.0000,0,0,0,-3.0975
12.800,383,0.2899,-4.9438,-2.4000,0.0000,0,0,0,-3.0973
12.834,384,0.2089,-4.9438,-2.4000,0.0000,0,0,0,-3.0973
12.867,385,0.1307,-4.9438,-2.4000,0.0000,0,0,0,-3.0971
12.900,386,0.0498,-4.9438,-2.4000,0.0000,0,0,0,-3.0970
12.936,387,-0.0368,-4.9438,-2.4000,0.0000,0,0,0,-3.0966
12.970,388,-0.1181,-4.9438,-2.4000,0.0000,0,0,0,-3.1018
13.000,389,-0.1886,-4.9438,-2.4000,0.0000,0,0,0,-3.1018
13.034,390,-0.2712,-4.9438,-2.4000,0.0000,1,0,0,-3.1018
13.069,391,-0.3553,-4.9438,-2.4000,0.0000,0,0,0,-3.1017
13.099,392,-0.4279,-4.9438,-2.4000,0.0000,0,0,0,-3.1016
13.139,393,-0.4297,-4.8494,0.0000,2.4000,0,0,0,-3.1017
13.169,394,-0.4297,-4.7784,0.0000,2.4000,0,0,0,-3.0856
13.200,395,-0.4297,-4.7045,0.0000,2.4000,0,0,0,-3.0768
13.232,396,-0.4297,-4.6259,0.0000,2.4000,0,0,0,-3.0679
13.270,397,-0.4297,-4.0529,0.0000,2.4000,0,1,0,-3.0597
13.302,398,-0.4297,-3.9762,0.0000,2.4000,0,1,0,-2.9707
13.334,399,-0.4297,-2.9260,0.0000,2.4000,0,1,0,-2.9797
13.369,400,-0.4297,-1.8909,0.0000,2.4000,0,1,0,-2.8525
13.403,401,-0.4297,-1.6196,0.0000,2.4000,0,1,0,-2.7534
13.434,402,-0.4297,-1.6248,0.0000,2.4000,0,0,0,-2.7684
13.465,403,-0.4297,-1.5498,0.0000,2.4000,0,0,0,-2.8153
13.499,404,-0.4297,-1.4675,0.0000,2.4000,0,0,0,-2.8412
13.532,405,-0.4297,-1.3887,0.0000,2.4000,0,0,0,-2.8628
13.567,406,-0.4297,-1.3061,0.0000,2.4000,0,0,0,-2.8852
13.601,407,-0.4297,-1.2237,0.0000,2.4000,0,0,0,-2.9025
13.634,408,-0.4297,-1.1433,0.0000,2.4000,0,0,0,-2.9187
13.666,409,-0.4297,-1.0681,0.0000,2.4000,0,0,0,-2.9329
13.702,410,-0.4297,-0.9817,0.0000,2.4000,0,0,0,-2.9453
13.734,411,-0.4297,-0.9052,0.0000,2.4000,0,0,0,-2.9528
13.768,412,-0.4297,-0.8233,0.0000,2.4000,0,0,0,-2.9637
13.800,413,-0.4297,-0.7452,0.0000,2.4000,0,0,0,-2.9698
13.832,414,-0.4297,-0.6696,0.0000,2.4000,0,0,0,-2.9768
13.867,415,-0.4297,-0.5840,0.0000,2.4000,0,0,0,-2.9825
13.901,416,-0.4297,-0.5036,0.0000,2.4000,0,0,0,-2.9852
13.937,417,-0.4297,-0.4183,0.0000,2.4000,0,0,0,-2.9904
13.968,418,-0.4297,-0.3428,0.0000,2.4000,0,0,0,-2.9930
14.000,419,-0.4297,-0.2666,0.0000,2.4000,0,0,0,-2.9977
14.035,420,-0.4297,-0.1810,0.0000,2.4000,0,0,0,-3.0000
14.070,421,-0.4297,-0.0983,0.0000,2.4000,0,0,0,-3.0046
14.102,422,-0.4333,-0.0224,-1.6971,1.6971,0,0,0,-3.0249
14.134,423,-0.4866,0.0310,-1.6971,1.6971,0,0,0,-3.0659
14.169,424,-0.5474,0.0917,-1.6971,1.6971,0,0,0,-3.1137
14.202,425,-0.6032,0.1475,-1.6971,1.6971,0,0,0,3.1006
14.237,426,-0.6628,0.2072,-1.6971,1.6971,0,0,0,3.0429
14.266,427,-0.7118,0.2562,-1.6971,1.6971,0,0,0,2.9604
14.301,428,-0.7706,0.3150,-1.6971,1.6971,0,0,0,2.8857
14.334,429,-0.8267,0.3711,-1.6971,1.6971,0,0,0,2.7857
14.368,430,-0.8851,0.4295,-1.6971,1.6971,0,0,0,2.7158
14.402,431,-0.9430,0.4873,-1.6971,1.6971,0,0,0,2.6828
14.437,432,-1.0018,0.5461,-1.6971,1.6971,0,0,0,2.6760
14.468,433,-1.0547,0.5991,-1.6971,1.6971,0,0,0,2.6741
14.502,434,-1.1126,0.6570,-1.6971,1.6971,0,0,0,2.6720
14.535,435,-1.1679,0.7122,-1.6971,1.6971,0,0,0,2.6780
14.568,436,-1.2240,0.7683,-1.6971,1.6971,0,0,0,2.6810
14.600,437,-1.2778,0.8222,-1.6971,1.6971,0,0,0,2.6782
14.635,438,-1.3372,0.8816,-1.6971,1.6971,0,0,0,2.6773
14.669,439,-1.3949,0.9393,-1.6971,1.6971,0,0,0,2.6763
14.702,440,-1.4517,0.9961,-1.6971,1.6971,0,0,0,2.6738
14.736,441,-1.5083,1.0527,-1.6971,1.6971,0,0,0,2.6691
14.768,442,-1.5635,1.1079,-1.6971,1.6971,0,0,0,2.6646
14.801,443,-1.6189,1.1633,-1.6971,1.6971,0,0,0,2.6660
14.837,444,-1.6742,1.2274,0.0000,2.4000,0,0,0,2.6664
14.867,445,-1.6742,1.2992,0.0000,2.4000,0,0,0,2.6753
14.900,446,-1.6742,1.3783,0.0000,2.4000,0,0,0,2.6835
14.933,447,-1.6742,1.4574,0.0000,2.4000,0,0,0,2.6908
14.968,448,-1.6742,1.5419,0.0000,2.4000,0,0,0,2.6948
15.002,449,-1.6742,1.6222,0.0000,2.4000,0,0,0,2.7004
15.036,450,-1.6742,1.7041,0.0000,2.4000,1,0,0,2.7066
15.068,451,-1.6742,1.7811,0.0000,2.4000,0,0,0,2.7113
15.100,452,-1.6742,1.8578,0.0000,2.4000,0,0,0,2.7128
15.135,453,-1.6742,1.9415,0.0000,2.4000,0,0,0,2.7226
15.166,454,-1.6742,2.0180,0.0000,2.4000,0,0,0,2.7312
15.202,455,-1.6138,2.0790,1.6971,1.6971,0,0,0,2.7351
15.237,456,-1.5548,2.1380,1.6971,1.6971,0,0,0,2.7450
15.269,457,-1.4998,2.1930,1.6971,1.6971,0,0,0,2.7580
15.302,458,-1.4454,2.2474,1.6971,1.6971,0,0,0,2.7725
15.338,459,-1.3837,2.3091,1.6971,1.6971,0,0,0,2.7922
15.370,460,-1.3291,2.3637,1.6971,1.6971,0,0,0,2.8152
15.402,461,-1.2743,2.4185,1.6971,1.6971,0,0,0,2.8178
15.434,462,-1.2200,2.4728,1.6971,1.6971,0,0,0,2.7939
15.466,463,-1.1654,2.5274,1.6971,1.6971,0,0,0,2.7381
15.501,464,-1.1065,2.5863,1.6971,1.6971,0,0,0,2.6541
15.536,465,-1.0470,2.6457,1.6971,1.6971,0,0,0,2.5510
15.571,466,-0.9877,2.7051,1.6971,1.6971,0,0,0,2.4784
15.604,467,-0.9321,2.7607,1.6971,1.6971,0,0,0,2.3009
15.635,468,-0.8792,2.8136,1.6971,1.6971,0,0,0,1.8247
15.668,469,-0.8230,2.8698,1.6971,1.6971,0,0,0,1.1346
15.703,470,-0.7635,2.9293,1.6971,1.6971,0,0,0,0.7236
15.736,471,-0.7083,2.9845,1.6971,1.6971,0,0,0,0.5156
15.770,472,-0.6510,3.0418,1.6971,1.6971,0,0,0,0.4067
15.801,473,-0.5975,3.0953,1.6971,1.6971,0,0,0,0.3495
15.833,474,-0.5440,3.1488,1.6971,1.6971,0,0,0,0.3159
15.868,475,-0.4847,3.2081,1.6971,1.6971,0,0,0,0.3037
15.902,476,-0.4266,3.2662,1.6971,1.6971,0,0,0,0.2978
15.935,477,-0.3697,3.3230,1.6971,1.6971,0,0,0,0.2825
15.969,478,-0.3121,3.3806,1.6971,1.6971,0,0,0,0.2404
16.000,479,-0.2595,3.4333,1.6971,1.6971,0,0,0,0.2077
16.035,480,-0.2010,3.4918,1.6971,1.6971,0,0,0,0.2004
16.066,481,-0.1472,3.5456,1.6971,1.6971,0,0,0,0.1952
16.101,482,-0.0882,3.6046,1.6971,1.6971,0,0,0,0.1960
16.137,483,-0.0278,3.6650,1.6971,1.6971,0,0,0,0.1953
16.168,484,0.0249,3.7177,1.6971,1.6971,0,0,0,0.1921
16.201,485,0.0820,3.7722,2.4000,0.0000,0,0,0,0.1880
16.234,486,0.1600,3.7722,2.4000,0.0000,0,0,0,0.1719
16.266,487,0.2382,3.7722,2.4000,0.0000,0,0,0,0.1599
16.299,488,0.3158,3.7722,2.4000,0.0000,0,0,0,0.1658
16.335,489,0.4043,3.7722,2.4000,0.0000,0,0,0,0.1669
16.367,490,0.4806,3.7722,2.4000,0.0000,0,0,0,0.1660
16.400,491,0.5584,3.7722,2.4000,0.0000,0,0,0,0.1711
16.436,492,0.6452,3.7722,2.4000,0.0000,0,0,0,0.1751
16.466,493,0.7167,3.7722,2.4000,0.0000,0,0,0,0.1789
16.501,494,0.8006,3.7722,2.4000,0.0000,0,0,0,0.1818
16.536,495,0.8858,3.7722,2.4000,0.0000,0,0,0,0.1890
16.569,496,0.9645,3.7722,2.4000,0.0000,0,0,0,0.1973
16.602,497,1.0454,3.7722,2.4000,0.0000,0,0,0,0.1992
16.636,498,1.1250,3.7722,2.4000,0.0000,0,0,0,0.1988
16.667,499,1.2014,3.7722,2.4000,0.0000,0,0,0,0.1961
16.699,500,1.2770,3.7722,2.4000,0.0000,0,0,0,0.1995
16.735,501,1.3625,3.7722,2.4000,0.0000,0,0,0,0.2049
16.767,502,1.4403,3.7722,2.4000,0.0000,0,0,0,0.2061
16.801,503,1.5218,3.7722,2.4000,0.0000,0,0,0,0.2066
16.832,504,1.5972,3.7722,2.4000,0.0000,0,0,0,0.2074
16.867,505,1.6565,3.7151,1.6971,-1.6971,0,0,0,0.2026
16.900,506,1.7125,3.6591,1.6971,-1.6971,0,0,0,0.2094
16.933,507,1.7680,3.6036,1.6971,-1.6971,0,0,0,0.2157
16.968,508,1.8271,3.5445,1.6971,-1.6971,0,0,0,0.2212
16.998,509,1.8791,3.4925,1.6971,-1.6971,0,0,0,0.2264
17.033,510,1.9386,3.4330,1.6971,-1.6971,0,0,0,0.2294
17.068,511,1.9980,3.3736,1.6971,-1.6971,0,0,0,0.2339
17.100,512,2.0521,3.3195,1.6971,-1.6971,0,0,0,0.2370
17.135,513,2.1110,3.2606,1.6971,-1.6971,0,0,0,0.2387
17.165,514,2.1631,3.2085,1.6971,-1.6971,0,0,0,0.2446
17.203,515,2.2513,3.2065,2.4000,0.0000,0,0,0,0.2480
17.233,516,2.3247,3.2065,2.4000,0.0000,0,0,0,0.2576
17.270,517,2.4120,3.2065,2.4000,0.0000,0,0,0,0.2600
17.300,518,2.4850,3.2065,2.4000,0.0000,0,0,0,0.2663
17.334,519,2.5662,3.2065,2.4000,0.0000,0,0,0,0.2623
17.367,520,2.6467,3.2065,2.4000,0.0000,0,0,0,0.2601
17.399,521,2.7235,3.2065,2.4000,0.0000,0,0,0,0.2576
17.435,522,2.8091,3.2065,2.4000,0.0000,0,0,0,0.2554
17.469,523,2.8917,3.2065,2.4000,0.0000,0,0,0,0.2540
17.501,524,2.9679,3.2065,2.4000,0.0000,0,0,0,0.2523
17.536,525,3.0509,3.2065,2.4000,0.0000,0,0,0,0.2507
17.567,526,3.1248,3.2065,2.4000,0.0000,0,0,0,0.2499
17.604,527,3.2136,3.2065,2.4000,0.0000,0,0,0,0.2486
17.635,528,3.2880,3.2065,2.4000,0.0000,1,0,0,0.2484
17.666,529,3.3637,3.2065,2.4000,0.0000,0,0,0,0.2471
17.702,530,3.4493,3.2065,2.4000,0.0000,0,0,0,0.2466
17.735,531,3.5283,3.2065,2.4000,0.0000,0,0,0,0.2464
17.767,532,3.6066,3.2065,2.4000,0.0000,0,0,0,0.2457
17.799,533,3.6832,3.2065,2.4000,0.0000,0,0,0,0.2453
17.833,534,3.7633,3.2065,2.4000,0.0000,0,0,0,0.2514
17.868,535,3.8479,3.2065,2.4000,0.0000,0,0,0,0.2617
17.903,536,3.9300,3.2016,1.6971,-1.6971,0,0,0,0.2722
17.935,537,3.9849,3.1467,1.6971,-1.6971,0,0,0,0.2798
17.967,538,4.0382,3.0934,1.6971,-1.6971,0,0,0,0.2848
18.001,539,4.0965,3.0351,1.6971,-1.6971,0,0,0,0.2902
18.034,540,4.1519,2.9796,1.6971,-1.6971,0,0,0,0.2960
18.066,541,4.2070,2.9246,1.6971,-1.6971,0,0,0,0.2998
18.102,542,4.2677,2.8639,1.6971,-1.6971,0,0,0,0.3034
18.132,543,4.3195,2.8121,1.6971,-1.6971,0,0,0,0.3075
18.170,544,4.3824,2.7492,1.6971,-1.6971,0,0,0,0.3118
18.201,545,4.4354,2.6962,1.6971,-1.6971,0,0,0,0.3197
18.234,546,4.4921,2.6395,1.6971,-1.6971,0,0,0,0.3288
18.269,547,4.5505,2.5811,1.6971,-1.6971,0,0,0,0.3460
18.300,548,4.6043,2.5273,1.6971,-1.6971,0,0,0,0.3836
18.342,549,4.6464,2.4570,-1.6971,-1.6971,0,0,0,0.4387
18.370,550,4.5978,2.4085,-1.6971,-1.6971,0,0,0,0.5882
18.403,551,4.5423,2.3530,-1.6971,-1.6971,0,0,0,0.6857
18.438,552,4.4828,2.2934,-1.6971,-1.6971,0,0,0,0.9702
18.471,553,4.4267,2.2374,-1.6971,-1.6971,0,0,0,-2.8283
18.502,554,4.3743,2.1849,-1.6971,-1.6971,0,0,0,-2.6209
18.534,555,4.3192,2.1299,-1.6971,-1.6971,0,0,0,-2.5992
18.569,556,4.2610,2.0717,-1.6971,-1.6971,0,0,0,-2.6003
18.601,557,4.2070,2.0176,-1.6971,-1.6971,0,0,0,-2.5950
18.635,558,4.1492,1.9599,-1.6971,-1.6971,0,0,0,-2.5894
18.671,559,4.0874,1.8980,-1.6971,-1.6971,0,0,0,-2.5956
18.703,560,4.0340,1.8446,-1.6971,-1.6971,0,0,0,-2.6262
18.736,561,3.9767,1.7874,-1.6971,-1.6971,0,0,0,-2.6879
18.769,562,3.9205,1.7311,-1.6971,-1.6971,0,0,0,-2.7636
18.802,563,3.8648,1.6754,-1.6971,-1.6971,0,0,0,-2.8094
18.833,564,3.8123,1.6229,-1.6971,-1.6971,0,0,0,-2.8196
18.867,565,3.7543,1.5649,-1.6971,-1.6971,0,0,0,-2.8186
18.901,566,3.6972,1.5078,-1.6971,-1.6971,0,0,0,-2.8188
18.934,567,3.6404,1.4511,-1.6971,-1.6971,0,0,0,-2.8182
18.968,568,3.5839,1.3945,-1.6971,-1.6971,0,0,0,-2.8178
19.002,569,3.5250,1.3356,-1.6971,-1.6971,0,0,0,-2.8174
19.036,570,3.4686,1.2792,-1.6971,-1.6971,0,0,0,-2.8174
19.069,571,3.4121,1.2227,-1.6971,-1.6971,0,0,0,-2.8102
19.100,572,3.3591,1.1697,-1.6971,-1.6971,0,0,0,-2.8100
19.135,573,3.3007,1.1114,-1.6971,-1.6971,0,0,0,-2.8095
19.166,574,3.2480,1.0586,-1.6971,-1.6971,0,0,0,-2.8099
19.202,575,3.1855,0.9961,-1.6971,-1.6971,0,0,0,-2.8092
19.239,576,3.1242,0.9348,-1.6971,-1.6971,0,0,0,-2.8101
19.271,577,3.0691,0.8798,-1.6971,-1.6971,0,0,0,-2.8099
19.300,578,3.0200,0.8306,-1.6971,-1.6971,0,0,0,-2.8090
19.334,579,2.9618,0.7724,-1.6971,-1.6971,0,0,0,-2.8084
19.369,580,2.9023,0.7129,-1.6971,-1.6971,0,0,0,-2.8093
19.400,581,2.8498,0.6604,-1.6971,-1.6971,0,0,0,-2.8183
19.438,582,2.7863,0.5969,-1.6971,-1.6971,0,0,0,-2.8197
19.470,583,2.7315,0.5421,-1.6971,-1.6971,0,0,0,-2.8225
19.500,584,2.6809,0.4916,-1.6971,-1.6971,0,0,0,-2.8215
19.536,585,2.5831,0.3938,-2.7153,-2.7153,0,0,0,-2.8210
19.566,586,2.5012,0.3118,-2.7153,-2.7153,0,0,0,-2.8262
19.601,587,2.4071,0.2177,-2.7153,-2.7153,0,0,0,-2.8279
19.634,588,2.3165,0.1272,-2.7153,-2.7153,0,0,0,-2.8318
19.668,589,2.2257,0.0364,-2.7153,-2.7153,0,0,0,-2.8339
19.700,590,2.1389,-0.0505,-2.7153,-2.7153,0,0,0,-2.8360
19.735,591,2.0433,-0.1461,-2.7153,-2.7153,0,0,0,-2.8374
19.770,592,1.9464,-0.2430,-2.7153,-2.7153,0,0,0,-2.8400
19.801,593,1.8624,-0.3269,-2.7153,-2.7153,0,0,0,-2.8468
19.833,594,1.7753,-0.4140,-2.7153,-2.7153,0,0,0,-2.8570
19.866,595,1.6857,-0.5037,-2.7153,-2.7153,0,0,0,-2.8584
19.901,596,1.5925,-0.5969,-2.7153,-2.7153,0,0,0,-2.8597
19.936,597,1.4963,-0.6930,-2.7153,-2.7153,0,0,0,-2.8609
19.967,598,1.4132,-0.7761,-2.7153,-2.7153,0,0,0,-2.8619
20.000,599,1.3231,-0.8663,-2.7153,-2.7153,0,0,0,-2.8608
20.033,600,1.2326,-0.9567,-2.7153,-2.7153,0,0,0,-2.8622
20.068,601,1.1375,-1.0518,-2.7153,-2.7153,0,0,0,-2.8627
20.101,602,1.0478,-1.1416,-2.7153,-2.7153,0,0,0,-2.8719
20.135,603,0.9557,-1.2337,-2.7153,-2.7153,0,0,0,-2.8735
20.168,604,0.8662,-1.3232,-2.7153,-2.7153,0,0,0,-2.8810
20.200,605,0.7809,-1.4085,-2.7153,-2.7153,0,0,0,-2.8809
20.235,606,0.6857,-1.5037,-2.7153,-2.7153,0,0,0,-2.8806
20.266,607,0.6011,-1.5882,-2.7153,-2.7153,0,0,0,-2.8782
20.301,608,0.5066,-1.6828,-2.7153,-2.7153,0,0,0,-2.8720
20.332,609,0.4205,-1.7688,-2.7153,-2.7153,0,0,0,-2.8734
20.369,610,0.3205,-1.8689,-2.7153,-2.7153,0,0,0,-2.8724
20.404,611,0.2266,-1.9627,-2.7153,-2.7153,0,0,0,-2.8743
20.433,612,0.1474,-2.0419,-2.7153,-2.7153,0,0,0,-2.8735
20.469,613,0.0493,-2.1401,-2.7153,-2.7153,0,0,0,-2.8717
20.499,614,-0.0325,-2.2218,-2.7153,-2.7153,0,0,0,-2.8742
20.535,615,-0.1302,-2.3195,-2.7153,-2.7153,0,0,0,-2.8721
20.568,616,-0.2195,-2.4089,-2.7153,-2.7153,0,0,0,-2.8743
20.600,617,-0.3071,-2.4964,-2.7153,-2.7153,0,0,0,-2.8680
20.633,618,-0.3951,-2.5845,-2.7153,-2.7153,0,0,0,-2.8693
20.668,619,-0.4920,-2.6813,-2.7153,-2.7153,0,0,0,-2.8645
20.700,620,-0.5771,-2.7665,-2.7153,-2.7153,0,0,0,-2.8552
20.732,621,-0.6658,-2.8551,-2.7153,-2.7153,0,0,0,-2.8508
20.768,622,-0.8025,-2.8576,-3.8400,0.0000,0,0,0,-2.8513
20.803,623,-0.9343,-2.8576,-3.8400,0.0000,0,0,0,-2.8345
20.835,624,-1.0568,-2.8576,-3.8400,0.0000,0,0,0,-2.8192
20.867,625,-1.1805,-2.8576,-3.8400,0.0000,0,0,0,-2.8087
20.899,626,-1.3055,-2.8576,-3.8400,0.0000,0,0,0,-2.7984
20.934,627,-1.4385,-2.8576,-3.8400,0.0000,0,0,0,-2.7967
20.968,628,-1.5708,-2.8576,-3.8400,0.0000,0,0,0,-2.7886
21.001,629,-1.6959,-2.8576,-3.8400,0.0000,0,0,0,-2.7865
21.033,630,-1.8190,-2.8576,-3.8400,0.0000,0,0,0,-2.7810
21.067,631,-1.9510,-2.8576,-3.8400,0.0000,0,0,0,-2.7763
21.100,632,-2.0766,-2.8576,-3.8400,0.0000,0,0,0,-2.7716
21.132,633,-2.2006,-2.8576,-3.8400,0.0000,0,0,0,-2.7682
21.170,634,-2.3046,-2.7573,-2.7153,2.7153,0,0,0,-2.7653
21.201,635,-2.3880,-2.6739,-2.7153,2.7153,0,0,0,-2.7479
21.234,636,-2.4789,-2.5830,-2.7153,2.7153,0,0,0,-2.7385
21.268,637,-2.5687,-2.4933,-2.7153,2.7153,0,0,0,-2.7273
21.300,638,-2.6579,-2.4041,-2.7153,2.7153,0,0,0,-2.7188
21.332,639,-2.7446,-2.3174,-2.7153,2.7153,0,0,0,-2.7116
21.370,640,-2.8462,-2.2157,-2.7153,2.7153,0,0,0,-2.7059
21.400,641,-2.9291,-2.1328,-2.7153,2.7153,0,0,0,-2.6975
21.435,642,-3.0228,-2.0392,-2.7153,2.7153,0,0,0,-2.6967
21.466,643,-3.1063,-1.9557,-2.7153,2.7153,0,0,0,-2.6907
21.501,644,-3.2030,-1.8589,-2.7153,2.7153,0,0,0,-2.6896
21.533,645,-3.2885,-1.7734,-2.7153,2.7153,0,0,0,-2.6840
21.568,646,-3.3846,-1.6773,-2.7153,2.7153,0,0,0,-2.6775
21.604,647,-3.4774,-1.5845,-1.6971,1.6971,0,0,0,-2.6282
21.633,648,-3.5277,-1.5342,-1.6971,1.6971,0,0,0,-2.5914
21.668,649,-3.5864,-1.4755,-1.6971,1.6971,0,0,0,-2.5785
21.699,650,-3.6399,-1.4220,-1.6971,1.6971,0,0,0,-2.5690
21.734,651,-3.6990,-1.3629,-1.6971,1.6971,0,0,0,-2.5701
21.770,652,-3.7592,-1.3028,-1.6971,1.6971,0,0,0,-2.5833
21.802,653,-3.8150,-1.2469,-1.6971,1.6971,0,0,0,-2.6108
21.835,654,-3.8700,-1.1920,-1.6971,1.6971,0,0,0,-2.6178
21.866,655,-3.9232,-1.1387,-1.6971,1.6971,0,0,0,-2.6179
21.901,656,-3.9816,-1.0803,-1.6971,1.6971,0,0,0,-2.5980
21.934,657,-4.0377,-1.0242,-1.6971,1.6971,0,0,0,-2.5844
21.966,658,-4.0928,-0.9691,-1.6971,1.6971,1,0,0,-2.5865
22.002,659,-4.0937,-0.8832,0.0000,2.4000,0,0,0,-2.5879
22.033,660,-4.0937,-0.8086,0.0000,2.4000,0,0,0,-2.5892
22.069,661,-4.0331,-0.7477,1.6971,1.6971,0,0,0,-2.5931
22.102,662,-3.9778,-0.6924,1.6971,1.6971,0,0,0,-2.6010
22.135,663,-3.9218,-0.6364,1.6971,1.6971,0,0,0,-2.6072
22.168,664,-3.8656,-0.5802,1.6971,1.6971,0,0,0,-2.6067
22.199,665,-3.8126,-0.5272,1.6971,1.6971,0,0,0,-2.6099
22.235,666,-3.7521,-0.4667,1.6971,1.6971,0,0,0,-2.6118
22.266,667,-3.6984,-0.4130,1.6971,1.6971,0,0,0,-2.6114
22.302,668,-3.6373,-0.3519,1.6971,1.6971,0,0,0,-2.6154
22.333,669,-3.5854,-0.3000,1.6971,1.6971,0,0,0,-2.6178
22.369,670,-3.5242,-0.2388,1.6971,1.6971,0,0,0,-2.6209
22.402,671,-3.4684,-0.1830,1.6971,1.6971,0,0,0,-2.6223
22.435,672,-3.4113,-0.1259,1.6971,1.6971,0,0,0,-2.6196
22.469,673,-3.3547,-0.0693,1.6971,1.6971,0,0,0,-2.6162
22.501,674,-3.2999,-0.0145,1.6971,1.6971,0,0,0,-2.6103
22.534,675,-3.2435,0.0419,1.6971,1.6971,0,0,0,-2.6073
22.565,676,-3.1914,0.0940,1.6971,1.6971,0,0,0,-2.6043
22.604,677,-3.1260,0.1594,1.6971,1.6971,0,0,0,-2.6021
22.634,678,-3.0736,0.2118,1.6971,1.6971,0,0,0,-2.6065
22.666,679,-3.0197,0.2657,1.6971,1.6971,0,0,0,-2.6138
22.700,680,-2.9630,0.3224,1.6971,1.6971,0,0,0,-2.6072
22.735,681,-2.9028,0.3826,1.6971,1.6971,0,0,0,-2.6100
22.768,682,-2.8474,0.4380,1.6971,1.6971,0,0,0,-2.6103
22.800,683,-2.7918,0.4936,1.6971,1.6971,0,0,0,-2.6111
22.832,684,-2.7383,0.5471,1.6971,1.6971,0,0,0,-2.6113
22.871,685,-2.6719,0.6135,1.6971,1.6971,0,0,0,-2.5878
22.904,686,-2.6160,0.6694,1.6971,1.6971,0,0,0,-2.5395
22.934,687,-2.5644,0.7211,1.6971,1.6971,0,0,0,-2.5187
22.966,688,-2.5114,0.7740,1.6971,1.6971,0,0,0,-2.5217
23.002,689,-2.4260,0.7757,2.4000,0.0000,0,0,0,-2.5236
23.032,690,-2.3523,0.7757,2.4000,0.0000,0,0,0,-2.5303
23.068,691,-2.2668,0.7757,2.4000,0.0000,0,0,0,-2.5383
23.100,692,-2.1899,0.7757,2.4000,0.0000,0,0,0,-2.5465
23.136,693,-2.1284,0.7143,1.6971,-1.6971,0,0,0,-2.5521
23.167,694,-2.0768,0.6627,1.6971,-1.6971,0,0,0,-2.5639
23.199,695,-2.1319,0.6073,-1.6971,-1.6971,0,0,0,-2.5695
23.232,696,-2.1880,0.5511,-1.6971,-1.6971,0,0,0,-2.5685
23.267,697,-2.2817,0.4575,-2.7153,-2.7153,0,0,0,-2.5674
23.302,698,-2.3767,0.3624,-2.7153,-2.7153,0,0,0,-2.5749
23.334,699,-2.4626,0.2765,-2.7153,-2.7153,0,0,0,-2.5772
23.367,700,-2.5532,0.1860,-2.7153,-2.7153,0,0,0,-2.5772
23.402,701,-2.6478,0.0914,-2.7153,-2.7153,0,0,0,-2.5819
23.436,702,-2.7402,-0.0010,-2.7153,-2.7153,0,0,0,-2.5823
23.468,703,-2.8260,-0.0869,-2.7153,-2.7153,0,0,0,-2.5825
23.501,704,-2.9166,-0.1774,-2.7153,-2.7153,0,0,0,-2.5902
23.537,705,-3.0155,-0.2763,-2.7153,-2.7153,0,0,0,-2.6019
23.568,706,-3.0989,-0.3598,-2.7153,-2.7153,0,0,0,-2.6214
23.603,707,-3.1937,-0.4545,-2.7153,-2.7153,0,0,0,-2.6365
23.633,708,-3.2755,-0.5363,-2.7153,-2.7153,0,0,0,-2.6640
23.668,709,-3.3698,-0.6306,-2.7153,-2.7153,0,0,0,-2.6846
23.700,710,-3.4567,-0.7176,-2.7153,-2.7153,0,0,0,-2.7018
23.734,711,-3.5490,-0.8098,-2.7153,-2.7153,0,0,0,-2.7017
23.766,712,-3.6354,-0.8963,-2.7153,-2.7153,0,0,0,-2.7025
23.800,713,-3.7271,-0.9879,-2.7153,-2.7153,0,0,0,-2.7024
23.832,714,-3.8159,-1.0767,-2.7153,-2.7153,0,0,0,-2.6785
23.867,715,-3.9103,-1.1712,-2.7153,-2.7153,0,0,0,-2.6586
23.901,716,-4.0033,-1.2641,-2.7153,-2.7153,0,0,0,-2.6513
23.935,717,-4.0947,-1.3556,-2.7153,-2.7153,0,0,0,-2.6342
23.968,718,-4.1846,-1.4455,-2.7153,-2.7153,0,0,0,-2.6135
24.004,719,-4.2715,-1.5422,0.0000,-2.4000,0,0,0,-2.6093
24.032,720,-4.2715,-1.6097,0.0000,-2.4000,0,0,0,-2.6105
24.067,721,-4.2715,-1.6123,0.0000,0.0000,0,0,1,-2.6141
24.101,722,-4.2715,-1.6123,0.0000,0.0000,0,0,1,-2.6096
24.135,723,-4.2715,-1.6123,0.0000,0.0000,0,0,1,-2.6045
24.167,724,-4.2715,-1.6123,0.0000,0.0000,0,0,1,-2.6004
24.199,725,-4.2715,-1.6123,0.0000,0.0000,0,0,1,-2.5993
24.233,726,-4.2715,-1.6123,0.0000,0.0000,1,0,1,-2.5965
24.270,727,-4.2715,-1.6123,0.0000,0.0000,0,0,1,-2.5941
24.303,728,-4.2715,-1.6123,0.0000,0.0000,0,0,1,-2.5920
24.335,729,-4.2715,-1.6123,0.0000,0.0000,0,0,1,-2.5901
24.367,730,-4.2715,-1.6123,0.0000,0.0000,0,0,1,-2.5887
24.402,731,-4.2715,-1.6123,0.0000,0.0000,0,0,1,-2.5875
24.434,732,-4.2695,-1.6123,2.4000,0.0000,0,0,0,-2.5865
24.467,733,-4.1903,-1.6123,2.4000,0.0000,0,0,0,-2.5834
24.499,734,-4.1131,-1.6123,2.4000,0.0000,0,0,0,-2.5886
24.536,735,-4.0262,-1.6123,2.4000,0.0000,0,0,0,-2.5928
24.569,736,-3.9464,-1.6123,2.4000,0.0000,0,0,0,-2.5991
24.599,737,-3.8736,-1.6123,2.4000,0.0000,0,0,0,-2.6082
24.635,738,-3.7882,-1.6123,2.4000,0.0000,0,0,0,-2.6139
24.667,739,-3.7099,-1.6123,2.4000,0.0000,0,0,0,-2.6189
24.699,740,-3.6347,-1.6123,2.4000,0.0000,0,0,0,-2.6204
24.734,741,-3.5491,-1.6123,2.4000,0.0000,0,0,0,-2.6282
24.767,742,-3.4709,-1.6123,2.4000,0.0000,0,0,0,-2.6303
24.801,743,-3.3900,-1.6123,2.4000,0.0000,0,0,0,-2.6310
24.837,744,-3.3032,-1.6123,2.4000,0.0000,0,0,0,-2.6435
24.869,745,-3.2264,-1.6123,2.4000,0.0000,0,0,0,-2.6667
24.902,746,-3.1466,-1.6123,2.4000,0.0000,0,0,0,-2.6773
24.935,747,-3.0678,-1.6123,2.4000,0.0000,0,0,0,-2.6796
24.969,748,-2.9915,-1.6123,0.0000,0.0000,0,0,1,-2.6877
25.002,749,-2.9957,-1.6123,-2.4000,0.0000,0,0,0,-2.7030
25.033,750,-3.0699,-1.6123,-2.4000,0.0000,0,0,0,-2.7022
25.068,751,-3.1540,-1.6123,-2.4000,0.0000,0,0,0,-2.6966
25.102,752,-3.2360,-1.6123,-2.4000,0.0000,0,0,0,-2.6898
25.132,753,-3.3095,-1.6123,-2.4000,0.0000,0,0,0,-2.6837
25.167,754,-3.3919,-1.6123,-2.4000,0.0000,0,0,0,-2.6789
25.199,755,-3.4697,-1.6123,-2.4000,0.0000,0,0,0,-2.6742
25.235,756,-3.4715,-1.6123,0.0000,0.0000,0,0,1,-2.6705
25.269,757,-3.4715,-1.6123,0.0000,0.0000,0,0,1,-2.6681
25.303,758,-3.4715,-1.6123,0.0000,0.0000,0,0,1,-2.6651
25.334,759,-3.4715,-1.6123,0.0000,0.0000,0,0,1,-2.6575
25.369,760,-3.4715,-1.6123,0.0000,0.0000,0,0,1,-2.6515
25.403,761,-3.4715,-1.6123,0.0000,0.0000,0,0,1,-2.6522
25.436,762,-3.4715,-1.6123,0.0000,0.0000,0,0,1,-2.6529
25.467,763,-3.4715,-1.6123,0.0000,0.0000,0,0,1,-2.6535
25.500,764,-3.4715,-1.6123,0.0000,0.0000,0,0,1,-2.6540
25.535,765,-3.4715,-1.6123,0.0000,0.0000,0,0,1,-2.6544
25.567,766,-3.4726,-1.6123,-2.4000,0.0000,0,0,0,-2.6547
25.599,767,-3.5486,-1.6123,-2.4000,0.0000,0,0,0,-2.6550
25.638,768,-3.6420,-1.6123,-2.4000,0.0000,0,0,0,-2.6504
25.668,769,-3.7140,-1.6123,-2.4000,0.0000,0,0,0,-2.6408
25.700,770,-3.7925,-1.6123,-2.4000,0.0000,0,0,0,-2.6320
25.734,771,-3.8736,-1.6123,-2.4000,0.0000,1,0,0,-2.6285
25.768,772,-3.9530,-1.6139,-1.6971,-1.6971,0,0,0,-2.6255
25.801,773,-4.0094,-1.6703,-1.6971,-1.6971,0,0,0,-2.6232
25.833,774,-4.0644,-1.7253,-1.6971,-1.6971,0,0,0,-2.6299
25.868,775,-4.0646,-1.8079,0.0000,-2.4000,0,0,0,-2.6356
25.899,776,-4.0646,-1.8820,0.0000,-2.4000,0,0,0,-2.6480
25.933,777,-4.0646,-1.9643,0.0000,-2.4000,0,0,0,-2.6574
25.966,778,-4.0646,-2.0442,0.0000,-2.4000,0,0,0,-2.6667
26.001,779,-4.0646,-2.1284,0.0000,-2.4000,0,0,0,-2.6742
26.033,780,-4.0646,-2.2048,0.0000,-2.4000,0,0,0,-2.6812
26.068,781,-4.0646,-2.2889,0.0000,-2.4000,0,0,0,-2.6859
26.099,782,-4.0646,-2.3634,0.0000,-2.4000,0,0,0,-2.6914
26.134,783,-4.0071,-2.4229,1.6971,-1.6971,0,0,0,-2.6944
26.165,784,-3.9545,-2.4756,1.6971,-1.6971,0,0,0,-2.6992
26.200,785,-3.8708,-2.4786,2.4000,0.0000,0,0,0,-2.7014
26.235,786,-3.7883,-2.4786,2.4000,0.0000,0,0,0,-2.6996
26.267,787,-3.7100,-2.4786,2.4000,0.0000,0,0,0,-2.6967
26.302,788,-3.6272,-2.4786,2.4000,0.0000,0,0,0,-2.6950
26.337,789,-3.5432,-2.4786,2.4000,0.0000,0,0,0,-2.7001
26.370,790,-3.4625,-2.4786,2.4000,0.0000,0,0,0,-2.7130
26.404,791,-3.3827,-2.4786,2.4000,0.0000,0,0,0,-2.7383
26.434,792,-3.3095,-2.4786,2.4000,0.0000,0,0,0,-2.7880
26.469,793,-3.2269,-2.4786,2.4000,0.0000,0,0,0,-2.9372
26.499,794,-3.1536,-2.4786,2.4000,0.0000,0,0,0,-3.1199
26.537,795,-3.0622,-2.4786,2.4000,0.0000,0,0,0,2.8658
26.570,796,-2.9832,-2.4786,2.4000,0.0000,0,0,0,2.4694
26.604,797,-2.9045,-2.4717,1.6971,1.6971,0,0,0,2.2406
26.638,798,-2.8465,-2.4137,1.6971,1.6971,0,0,0,2.0896
26.670,799,-2.7922,-2.3593,1.6971,1.6971,0,0,0,1.9443
26.702,800,-2.7384,-2.3055,1.6971,1.6971,0,0,0,1.8493
26.733,801,-2.6861,-2.2532,1.6971,1.6971,0,0,0,1.7844
26.767,802,-2.6275,-2.1946,1.6971,1.6971,0,0,0,1.7587
26.801,803,-2.5705,-2.1377,1.6971,1.6971,0,0,0,1.7600
26.835,804,-2.5119,-2.0791,1.6971,1.6971,0,0,0,1.7596
26.866,805,-2.4602,-2.0274,1.6971,1.6971,0,0,0,1.7378
26.900,806,-2.4017,-1.9688,1.6971,1.6971,0,0,0,1.7208
26.933,807,-2.3460,-1.9132,1.6971,1.6971,0,0,0,1.7154
26.968,808,-2.2870,-1.8541,1.6971,1.6971,0,0,0,1.7145
27.001,809,-2.2313,-1.7984,1.6971,1.6971,0,0,0,1.7151
27.032,810,-2.1790,-1.7462,1.6971,1.6971,0,0,0,1.7142
27.067,811,-2.1761,-1.7432,0.0000,0.0000,0,0,1,1.7133
27.102,812,-2.1761,-1.7432,0.0000,0.0000,0,0,1,1.6921
27.135,813,-2.1761,-1.7432,0.0000,0.0000,0,0,1,1.6798
27.167,814,-2.1761,-1.7432,0.0000,0.0000,0,0,1,1.6705
27.200,815,-2.1761,-1.7432,0.0000,0.0000,0,0,1,1.6628
27.233,816,-2.1761,-1.7432,0.0000,0.0000,0,0,1,1.6565
27.266,817,-2.1761,-1.7432,0.0000,0.0000,0,0,1,1.6509
27.301,818,-2.1761,-1.7432,0.0000,0.0000,0,0,1,1.6461
27.335,819,-2.1761,-1.7432,0.0000,0.0000,0,0,1,1.6421
